{
  "UNet": {
    "dice": 0.6892439949096134,
    "iou": 0.527513973485444,
    "recall": 0.6879493983474905,
    "precision": 0.6919003345144138
  },
  "AttentionUNet": {
    "dice": 0.6762627352982051,
    "iou": 0.5132530200587545,
    "recall": 0.6859984491321955,
    "precision": 0.6714869879612548
  },
  "UNetPlusPlus": {
    "dice": 0.7478036914823898,
    "iou": 0.5989626479588579,
    "recall": 0.7834133258631205,
    "precision": 0.7181230245933719
  },
  "InceptionUNet": {
    "dice": 0.7073389773779507,
    "iou": 0.5481395062201129,
    "recall": 0.7257566971184605,
    "precision": 0.692910948125907
  },
  "TNDSEGNet": {
    "dice": 0.7478036914823898,
    "iou": 0.5989626479588579,
    "recall": 0.7834133258631205,
    "precision": 0.7181230245933719
  },
  "MKUNet": {
    "dice": 0.8140291766789141,
    "iou": 0.6878432384767392,
    "recall": 0.8500144032448078,
    "precision": 0.7834086249703202
  },
  "TransUNet": {
    "dice": 0.6686160483879143,
    "iou": 0.5025883410355202,
    "recall": 0.7066736557142346,
    "precision": 0.6376984061540996
  },
  "nnUNet": {
    "dice": 0.8177109092507127,
    "iou": 0.693081514463897,
    "recall": 0.8369690484086167,
    "precision": 0.8040531592697926
  }
}